Workbook

Sheet Задание
A1: Отчёт, Щуров Роман Александрович, АСБ-3-041
A2: ЛАБОРАТОРНАЯ РАБОТА № 11. ШИФРОВАНИЕ С ОТКРЫТЫМ КЛЮЧОМ — RSA
A4: Задание на лабораторную работу
A5: В лабораторной работе необходимо зашифровать свою фамилию с помощью следующих шифров:
A6: • алгоритма RSA;
A7: • алгоритма на основе задачи об укладке ранца;
A8: • алгоритма шифрования Эль-Гамаля.
A9: При оформлении отчёта необходимо привести исходное сообщение (фамилию) и таблицы генерации ключей, шифрования и расшифрования. Для первого и третьего способов принять, что код символа соответствует его положению в алфавите, для второго — в соответствии с кодировкой Windows 1251.
A11: Таблица 1. Коды символов Windows 1251 и их двоичное представление
A12: Буква | B12: Dec | C12: Bin | D12: Буква | E12: Dec | F12: Bin | G12: Буква | H12: Dec | I12: Bin
A13: А | B13: 192 | C13: 1100 0000 | D13: Л | E13: 203 | F13: 1100 1011 | G13: Ц | H13: 214 | I13: 1101 0110
A14: Б | B14: 193 | C14: 1100 0001 | D14: М | E14: 204 | F14: 1100 1100 | G14: Ч | H14: 215 | I14: 1101 0111
A15: В | B15: 194 | C15: 1100 0010 | D15: Н | E15: 205 | F15: 1100 1101 | G15: Ш | H15: 216 | I15: 1101 1000
A16: Г | B16: 195 | C16: 1100 0011 | D16: О | E16: 206 | F16: 1100 1110 | G16: Щ | H16: 217 | I16: 1101 1001
A17: Д | B17: 196 | C17: 1100 0100 | D17: П | E17: 207 | F17: 1100 1111 | G17: Ъ | H17: 218 | I17: 1101 1010
A18: Е | B18: 197 | C18: 1100 0101 | D18: Р | E18: 208 | F18: 1101 0000 | G18: Ы | H18: 219 | I18: 1101 1011
A19: Ж | B19: 198 | C19: 1100 0110 | D19: С | E19: 209 | F19: 1101 0001 | G19: Ь | H19: 220 | I19: 1101 1100
A20: З | B20: 199 | C20: 1100 0111 | D20: Т | E20: 210 | F20: 1101 0010 | G20: Э | H20: 221 | I20: 1101 1101
A21: И | B21: 200 | C21: 1100 1000 | D21: У | E21: 211 | F21: 1101 0011 | G21: Ю | H21: 222 | I21: 1101 1110
A22: Й | B22: 201 | C22: 1100 1001 | D22: Ф | E22: 212 | F22: 1101 0100 | G22: Я | H22: 223 | I22: 1101 1111
A23: К | B23: 202 | C23: 1100 1010 | D23: Х | E23: 213 | F23: 1101 0101
A25: Примечание. Dec-код — десятичный код символа, Bin-код — двоичный код символа.
A27: Исходные данные
A28: Исходное сообщение (фамилия): ЩУРОВ
A30: Таблица 2. Коды символов фамилии «ЩУРОВ»
A31: Символ | B31: Щ | C31: У | D31: Р | E31: О | F31: В
A32: Номер в алфавите (Т) | B32: 27 | C32: 21 | D32: 18 | E32: 16 | F32: 3
A33: Dec-код Windows 1251 | B33: 217 | C33: 211 | D33: 208 | E33: 206 | F33: 194
A34: Bin-код Windows 1251 | B34: 1101 1001 | C34: 1101 0011 | D34: 1101 0000 | E34: 1100 1110 | F34: 1100 0010

Sheet RSA
A1: 1. Шифрование фамилии «ЩУРОВ» по алгоритму RSA
A3: Таблица 3. Генерация ключей RSA
A4: Параметр | B4: Обозн. | C4: Значение | D4: Формула / пояснение
A5: Первое простое число | B5: p | C5: 11 | D5: Выбрано вручную (простое)
A6: Второе простое число | B6: q | C6: 13 | D6: Выбрано вручную (простое)
A7: Произведение | B7: n | C7: =C5*C6 -> 143 | D7: n = p · q
A8: Функция Эйлера | B8: φ(n) | C8: =(C5-1)*(C6-1) -> 120 | D8: φ(n) = (p-1)·(q-1)
A9: Открытая экспонента | B9: e | C9: 7 | D9: выбрано: НОД(e, φ(n)) = 1
A10: Закрытая экспонента | B10: d | C10: 103 | D10: найдено по расширенному алгоритму Евклида из условия (d·e) mod φ(n) = 1
A11: Проверка: (e · d) mod φ(n) | B11: 1? | C11: =MOD(C9*C10,C8) -> 1 | D11: должно быть равно 1
A13: Открытый ключ: (e, n); Закрытый ключ: (d, n)
A15: Таблица 4. Шифрование по алгоритму RSA: C = T⁷ mod n
A16: Применяется алгоритм «возведение в степень по модулю» (square-and-multiply). 7 = 111₂: для каждого бита (от старшего к младшему) r = r²·T mod n.
A17: Шаг | B17: Символ → | C17: Щ | D17: У | E17: Р | F17: О | G17: В
A18: Исх. T (номер в алфавите) | C18: 27 | D18: 21 | E18: 18 | F18: 16 | G18: 3
A19: Шаг 0 | C19: 1 | D19: 1 | E19: 1 | F19: 1 | G19: 1
A20: Шаг 1 (бит=1): r = r²·T mod n | C20: =MOD(C19^2*C18,RSA!C7) -> 27 | D20: =MOD(D19^2*D18,RSA!C7) -> 21 | E20: =MOD(E19^2*E18,RSA!C7) -> 18 | F20: =MOD(F19^2*F18,RSA!C7) -> 16 | G20: =MOD(G19^2*G18,RSA!C7) -> 3
A21: Шаг 2 (бит=1): r = r²·T mod n | C21: =MOD(C20^2*C18,RSA!C7) -> 92 | D21: =MOD(D20^2*D18,RSA!C7) -> 109 | E21: =MOD(E20^2*E18,RSA!C7) -> 112 | F21: =MOD(F20^2*F18,RSA!C7) -> 92 | G21: =MOD(G20^2*G18,RSA!C7) -> 27
A22: Шаг 3 (бит=1): r = r²·T mod n | C22: =MOD(C21^2*C18,RSA!C7) -> 14 | D22: =MOD(D21^2*D18,RSA!C7) -> 109 | E22: =MOD(E21^2*E18,RSA!C7) -> 138 | F22: =MOD(F21^2*F18,RSA!C7) -> 3 | G22: =MOD(G21^2*G18,RSA!C7) -> 42
A23: Шифрограмма C = T⁷ mod n | C23: =C22 -> 14 | D23: =D22 -> 109 | E23: =E22 -> 138 | F23: =F22 -> 3 | G23: =G22 -> 42
A25: Таблица 5. Расшифрование по алгоритму RSA: T = C¹⁰³ mod n
A26: 103 = 1100111₂ (7 бит). На каждом шаге (от старшего бита к младшему): если бит = 1, то r = r²·C mod n; если бит = 0, то r = r² mod n.
A27: Шаг | B27: Символ → | C27: Щ | D27: У | E27: Р | F27: О | G27: В
A28: Исх. C (шифрограмма) | C28: =C23 -> 14 | D28: =D23 -> 109 | E28: =E23 -> 138 | F28: =F23 -> 3 | G28: =G23 -> 42
A29: Шаг 0 | C29: 1 | D29: 1 | E29: 1 | F29: 1 | G29: 1
A30: Шаг 1 (бит=1): r = r²·C mod n | C30: =MOD(C29^2*C28,RSA!C7) -> 14 | D30: =MOD(D29^2*D28,RSA!C7) -> 109 | E30: =MOD(E29^2*E28,RSA!C7) -> 138 | F30: =MOD(F29^2*F28,RSA!C7) -> 3 | G30: =MOD(G29^2*G28,RSA!C7) -> 42
A31: Шаг 2 (бит=1): r = r²·C mod n | C31: =MOD(C30^2*C28,RSA!C7) -> 27 | D31: =MOD(D30^2*D28,RSA!C7) -> 21 | E31: =MOD(E30^2*E28,RSA!C7) -> 18 | F31: =MOD(F30^2*F28,RSA!C7) -> 27 | G31: =MOD(G30^2*G28,RSA!C7) -> 14
A32: Шаг 3 (бит=0): r = r² mod n | C32: =MOD(C31^2,RSA!C7) -> 14 | D32: =MOD(D31^2,RSA!C7) -> 12 | E32: =MOD(E31^2,RSA!C7) -> 38 | F32: =MOD(F31^2,RSA!C7) -> 14 | G32: =MOD(G31^2,RSA!C7) -> 53
A33: Шаг 4 (бит=0): r = r² mod n | C33: =MOD(C32^2,RSA!C7) -> 53 | D33: =MOD(D32^2,RSA!C7) -> 1 | E33: =MOD(E32^2,RSA!C7) -> 14 | F33: =MOD(F32^2,RSA!C7) -> 53 | G33: =MOD(G32^2,RSA!C7) -> 92
A34: Шаг 5 (бит=1): r = r²·C mod n | C34: =MOD(C33^2*C28,RSA!C7) -> 1 | D34: =MOD(D33^2*D28,RSA!C7) -> 109 | E34: =MOD(E33^2*E28,RSA!C7) -> 21 | F34: =MOD(F33^2*F28,RSA!C7) -> 133 | G34: =MOD(G33^2*G28,RSA!C7) -> 133
A35: Шаг 6 (бит=1): r = r²·C mod n | C35: =MOD(C34^2*C28,RSA!C7) -> 14 | D35: =MOD(D34^2*D28,RSA!C7) -> 21 | E35: =MOD(E34^2*E28,RSA!C7) -> 83 | F35: =MOD(F34^2*F28,RSA!C7) -> 14 | G35: =MOD(G34^2*G28,RSA!C7) -> 53
A36: Шаг 7 (бит=1): r = r²·C mod n | C36: =MOD(C35^2*C28,RSA!C7) -> 27 | D36: =MOD(D35^2*D28,RSA!C7) -> 21 | E36: =MOD(E35^2*E28,RSA!C7) -> 18 | F36: =MOD(F35^2*F28,RSA!C7) -> 16 | G36: =MOD(G35^2*G28,RSA!C7) -> 3
A37: Расшифровано T = C¹⁰³ mod n | C37: =C36 -> 27 | D37: =D36 -> 21 | E37: =E36 -> 18 | F37: =F36 -> 16 | G37: =G36 -> 3
A38: Символ по номеру | C38: =MID("АБВГДЕЁЖЗИЙКЛМНОПРСТУФХЦЧШЩЪЫЬЭЮЯ",C37,1) -> Щ | D38: =MID("АБВГДЕЁЖЗИЙКЛМНОПРСТУФХЦЧШЩЪЫЬЭЮЯ",D37,1) -> У | E38: =MID("АБВГДЕЁЖЗИЙКЛМНОПРСТУФХЦЧШЩЪЫЬЭЮЯ",E37,1) -> Р | F38: =MID("АБВГДЕЁЖЗИЙКЛМНОПРСТУФХЦЧШЩЪЫЬЭЮЯ",F37,1) -> О | G38: =MID("АБВГДЕЁЖЗИЙКЛМНОПРСТУФХЦЧШЩЪЫЬЭЮЯ",G37,1) -> В
A40: Вывод: расшифрованное сообщение совпадает с исходным — алгоритм RSA работает корректно.

Sheet Ранец
A1: 2. Шифрование по алгоритму на основе задачи об укладке рюкзака (Меркл-Хеллман)
A3: Таблица 6. Параметры алгоритма
A4: Параметр | B4: Обозн. | C4: Значение / формула
A5: Сверхвозрастающая последовательность (закрытый ключ) | B5: kᵢ | C5: 1 | D5: 2 | E5: 4 | F5: 9 | G5: 18 | H5: 37 | I5: 75 | J5: 151
A6: Проверка: сумма всех предыдущих | B6: Σkⱼ (j<i) | C6: =0 -> 0 | D6: =SUM(C5:C5) -> 1 | E6: =SUM(C5:D5) -> 3 | F6: =SUM(C5:E5) -> 7 | G6: =SUM(C5:F5) -> 16 | H6: =SUM(C5:G5) -> 34 | I6: =SUM(C5:H5) -> 71 | J6: =SUM(C5:I5) -> 146
A7: Свойство: kᵢ > Σ (ИСТИНА = сверхвозрастающая) | B7: kᵢ > Σ | C7: =C5>C6 -> TRUE | D7: =D5>D6 -> TRUE | E7: =E5>E6 -> TRUE | F7: =F5>F6 -> TRUE | G7: =G5>G6 -> TRUE | H7: =H5>H6 -> TRUE | I7: =I5>I6 -> TRUE | J7: =J5>J6 -> TRUE
A9: Модуль | B9: m | C9: 311 | D9: m > Σkᵢ; Σkᵢ = =SUM(C5:J5)
A10: Сумма всех элементов закрытого ключа | B10: Σkᵢ | C10: =SUM(C5:J5) -> 297 | D10: должно быть < m
A11: Множитель | B11: n | C11: 41 | D11: НОД(n, m) = 1
A12: Проверка: НОД(n, m) | B12: НОД | C12: =GCD(C11,C9) -> 1 | D12: должно быть равно 1
A13: Обратный элемент по модулю m | B13: n⁻¹ | C13: 220 | D13: найден по расширенному алгоритму Евклида: (n · n⁻¹) mod m = 1
A14: Проверка: (n · n⁻¹) mod m | B14: 1? | C14: =MOD(C11*C13,C9) -> 1 | D14: должно быть равно 1
A16: Таблица 7. Формирование открытого ключа: βᵢ = (kᵢ · n) mod m
A17: Индекс i | C17: 1 | D17: 2 | E17: 3 | F17: 4 | G17: 5 | H17: 6 | I17: 7 | J17: 8
A18: Закрытый ключ, kᵢ | B18: kᵢ | C18: =C5 -> 1 | D18: =D5 -> 2 | E18: =E5 -> 4 | F18: =F5 -> 9 | G18: =G5 -> 18 | H18: =H5 -> 37 | I18: =I5 -> 75 | J18: =J5 -> 151
A19: Открытый ключ, βᵢ = (kᵢ · n) mod m | B19: βᵢ | C19: =MOD(C18*$C$11,$C$9) -> 41 | D19: =MOD(D18*$C$11,$C$9) -> 82 | E19: =MOD(E18*$C$11,$C$9) -> 164 | F19: =MOD(F18*$C$11,$C$9) -> 58 | G19: =MOD(G18*$C$11,$C$9) -> 116 | H19: =MOD(H18*$C$11,$C$9) -> 273 | I19: =MOD(I18*$C$11,$C$9) -> 276 | J19: =MOD(J18*$C$11,$C$9) -> 282
A21: Таблица 8. Шифрование фамилии «ЩУРОВ»: cᵢ = Σ(bⱼ · βⱼ), где bⱼ — j-й бит Bin-кода
A22: Символ | B22: Dec | C22: бит 1 | D22: бит 2 | E22: бит 3 | F22: бит 4 | G22: бит 5 | H22: бит 6 | I22: бит 7 | J22: бит 8 | K22: cᵢ
A23: Щ | B23: 217 | C23: 1 | D23: 1 | E23: 0 | F23: 1 | G23: 1 | H23: 0 | I23: 0 | J23: 1 | K23: =SUMPRODUCT(C23:J23,$C$19:$J$19) -> 579
A24: У | B24: 211 | C24: 1 | D24: 1 | E24: 0 | F24: 1 | G24: 0 | H24: 0 | I24: 1 | J24: 1 | K24: =SUMPRODUCT(C24:J24,$C$19:$J$19) -> 739
A25: Р | B25: 208 | C25: 1 | D25: 1 | E25: 0 | F25: 1 | G25: 0 | H25: 0 | I25: 0 | J25: 0 | K25: =SUMPRODUCT(C25:J25,$C$19:$J$19) -> 181
A26: О | B26: 206 | C26: 1 | D26: 1 | E26: 0 | F26: 0 | G26: 1 | H26: 1 | I26: 1 | J26: 0 | K26: =SUMPRODUCT(C26:J26,$C$19:$J$19) -> 788
A27: В | B27: 194 | C27: 1 | D27: 1 | E27: 0 | F27: 0 | G27: 0 | H27: 0 | I27: 1 | J27: 0 | K27: =SUMPRODUCT(C27:J27,$C$19:$J$19) -> 399
A29: Таблица 9. Расшифрование: c'ᵢ = (cᵢ · n⁻¹) mod m, далее разложение по сверхвозрастающему ключу
A30: Символ | B30: cᵢ | C30: c'ᵢ | D30: b(k=151) | E30: b(k=75) | F30: b(k=37) | G30: b(k=18) | H30: b(k=9) | I30: b(k=4) | J30: b(k=2) | K30: b(k=1) | L30: Bin | M30: Dec | N30: Симв.
A31: Щ | B31: =K23 -> 579 | C31: =MOD(B31*$C$13,$C$9) -> 181 | D31: =IF(C31>=151,1,0) -> 1 | E31: =IF((C31-SUMPRODUCT(D31:D31,{151}))>=75,1,0) -> 0 | F31: =IF((C31-SUMPRODUCT(D31:E31,{151,75}))>=37,1,0) -> 0 | G31: =IF((C31-SUMPRODUCT(D31:F31,{151,75,37}))>=18,1,0) -> 1 | H31: =IF((C31-SUMPRODUCT(D31:G31,{151,75,37,18}))>=9,1,0) -> 1 | I31: =IF((C31-SUMPRODUCT(D31:H31,{151,75,37,18,9}))>=4,1,0) -> 0 | J31: =IF((C31-SUMPRODUCT(D31:I31,{151,75,37,18,9,4}))>=2,1,0) -> 1 | K31: =IF((C31-SUMPRODUCT(D31:J31,{151,75,37,18,9,4,2}))>=1,1,0) -> 1 | L31: =K31&J31&I31&H31&G31&F31&E31&D31 -> 11011001 | M31: =K31*128+J31*64+I31*32+H31*16+G31*8+F31*4+E31*2+D31*1 -> 217 | N31: =MID("АБВГДЕЖЗИЙКЛМНОПРСТУФХЦЧШЩЪЫЬЭЮЯ",M31-191,1) -> Щ
A32: У | B32: =K24 -> 739 | C32: =MOD(B32*$C$13,$C$9) -> 238 | D32: =IF(C32>=151,1,0) -> 1 | E32: =IF((C32-SUMPRODUCT(D32:D32,{151}))>=75,1,0) -> 1 | F32: =IF((C32-SUMPRODUCT(D32:E32,{151,75}))>=37,1,0) -> 0 | G32: =IF((C32-SUMPRODUCT(D32:F32,{151,75,37}))>=18,1,0) -> 0 | H32: =IF((C32-SUMPRODUCT(D32:G32,{151,75,37,18}))>=9,1,0) -> 1 | I32: =IF((C32-SUMPRODUCT(D32:H32,{151,75,37,18,9}))>=4,1,0) -> 0 | J32: =IF((C32-SUMPRODUCT(D32:I32,{151,75,37,18,9,4}))>=2,1,0) -> 1 | K32: =IF((C32-SUMPRODUCT(D32:J32,{151,75,37,18,9,4,2}))>=1,1,0) -> 1 | L32: =K32&J32&I32&H32&G32&F32&E32&D32 -> 11010011 | M32: =K32*128+J32*64+I32*32+H32*16+G32*8+F32*4+E32*2+D32*1 -> 211 | N32: =MID("АБВГДЕЖЗИЙКЛМНОПРСТУФХЦЧШЩЪЫЬЭЮЯ",M32-191,1) -> У
A33: Р | B33: =K25 -> 181 | C33: =MOD(B33*$C$13,$C$9) -> 12 | D33: =IF(C33>=151,1,0) -> 0 | E33: =IF((C33-SUMPRODUCT(D33:D33,{151}))>=75,1,0) -> 0 | F33: =IF((C33-SUMPRODUCT(D33:E33,{151,75}))>=37,1,0) -> 0 | G33: =IF((C33-SUMPRODUCT(D33:F33,{151,75,37}))>=18,1,0) -> 0 | H33: =IF((C33-SUMPRODUCT(D33:G33,{151,75,37,18}))>=9,1,0) -> 1 | I33: =IF((C33-SUMPRODUCT(D33:H33,{151,75,37,18,9}))>=4,1,0) -> 0 | J33: =IF((C33-SUMPRODUCT(D33:I33,{151,75,37,18,9,4}))>=2,1,0) -> 1 | K33: =IF((C33-SUMPRODUCT(D33:J33,{151,75,37,18,9,4,2}))>=1,1,0) -> 1 | L33: =K33&J33&I33&H33&G33&F33&E33&D33 -> 11010000 | M33: =K33*128+J33*64+I33*32+H33*16+G33*8+F33*4+E33*2+D33*1 -> 208 | N33: =MID("АБВГДЕЖЗИЙКЛМНОПРСТУФХЦЧШЩЪЫЬЭЮЯ",M33-191,1) -> Р
A34: О | B34: =K26 -> 788 | C34: =MOD(B34*$C$13,$C$9) -> 133 | D34: =IF(C34>=151,1,0) -> 0 | E34: =IF((C34-SUMPRODUCT(D34:D34,{151}))>=75,1,0) -> 1 | F34: =IF((C34-SUMPRODUCT(D34:E34,{151,75}))>=37,1,0) -> 1 | G34: =IF((C34-SUMPRODUCT(D34:F34,{151,75,37}))>=18,1,0) -> 1 | H34: =IF((C34-SUMPRODUCT(D34:G34,{151,75,37,18}))>=9,1,0) -> 0 | I34: =IF((C34-SUMPRODUCT(D34:H34,{151,75,37,18,9}))>=4,1,0) -> 0 | J34: =IF((C34-SUMPRODUCT(D34:I34,{151,75,37,18,9,4}))>=2,1,0) -> 1 | K34: =IF((C34-SUMPRODUCT(D34:J34,{151,75,37,18,9,4,2}))>=1,1,0) -> 1 | L34: =K34&J34&I34&H34&G34&F34&E34&D34 -> 11001110 | M34: =K34*128+J34*64+I34*32+H34*16+G34*8+F34*4+E34*2+D34*1 -> 206 | N34: =MID("АБВГДЕЖЗИЙКЛМНОПРСТУФХЦЧШЩЪЫЬЭЮЯ",M34-191,1) -> О
A35: В | B35: =K27 -> 399 | C35: =MOD(B35*$C$13,$C$9) -> 78 | D35: =IF(C35>=151,1,0) -> 0 | E35: =IF((C35-SUMPRODUCT(D35:D35,{151}))>=75,1,0) -> 1 | F35: =IF((C35-SUMPRODUCT(D35:E35,{151,75}))>=37,1,0) -> 0 | G35: =IF((C35-SUMPRODUCT(D35:F35,{151,75,37}))>=18,1,0) -> 0 | H35: =IF((C35-SUMPRODUCT(D35:G35,{151,75,37,18}))>=9,1,0) -> 0 | I35: =IF((C35-SUMPRODUCT(D35:H35,{151,75,37,18,9}))>=4,1,0) -> 0 | J35: =IF((C35-SUMPRODUCT(D35:I35,{151,75,37,18,9,4}))>=2,1,0) -> 1 | K35: =IF((C35-SUMPRODUCT(D35:J35,{151,75,37,18,9,4,2}))>=1,1,0) -> 1 | L35: =K35&J35&I35&H35&G35&F35&E35&D35 -> 11000010 | M35: =K35*128+J35*64+I35*32+H35*16+G35*8+F35*4+E35*2+D35*1 -> 194 | N35: =MID("АБВГДЕЖЗИЙКЛМНОПРСТУФХЦЧШЩЪЫЬЭЮЯ",M35-191,1) -> В
A37: Вывод: расшифрованное сообщение совпадает с исходным «ЩУРОВ» — алгоритм на основе задачи об укладке ранца отработал корректно.

Sheet Эль-Гамаль
A1: 3. Шифрование фамилии «ЩУРОВ» по алгоритму Эль-Гамаля
A3: Таблица 10. Параметры и генерация ключей
A4: Параметр | B4: Обозн. | C4: Значение | D4: Пояснение
A5: Простое число | B5: p | C5: 37 | D5: p > max(T) = 27
A6: Первообразный корень по модулю p | B6: g | C6: 2 | D6: порядок g по модулю p равен p−1 = 36
A7: Закрытый ключ | B7: x | C7: 10 | D7: x < p
A8: Часть открытого ключа | B8: y | C8: =MOD(C6^C7,C5) -> 25 | D8: y = gˣ mod p
A9: Случайное число (сеансовый ключ) | B9: k | C9: 7 | D9: 1 < k < p−1; для демонстрации одно значение k используется для всех символов
A11: Открытый ключ: (y, g, p); Закрытый ключ: x
A13: Таблица 11. Вспомогательные величины
A14: Величина | B14: Формула | C14: Значение | D14: Пояснение
A15: a | B15: gᵏ mod p | C15: =MOD(C6^C9,C5) -> 17 | D15: первая часть шифрограммы (одинакова для всех символов)
A16: yᵏ mod p | B16: yᵏ mod p | C16: =MOD(C8^C9,C5) -> 28 | D16: множитель для вычисления b = (yᵏ · T) mod p
A17: aᵖ⁻¹⁻ˣ mod p (см. табл. ниже) | B17: aᵖ⁻¹⁻ˣ mod p | C17: =G27 -> 4 | D17: множитель для расшифрования (= (aˣ)⁻¹ mod p — обратное по Ферма)
A19: Таблица 11а. Вычисление aᵖ⁻¹⁻ˣ mod p = 17²⁶ mod 37 методом «square-and-multiply»
A20: Показатель 26 = 11010₂ (5 бит, от старшего к младшему). На каждом шаге: r = r²·a mod p (если бит=1) или r = r² mod p (если бит=0).
A21: Шаг | B21: Формула | G21: r
A22: Шаг 0 (инициализация) | B22: r = 1 | G22: 1
A23: Шаг 1 (бит=1) | B23: r = r²·a mod p | G23: =MOD(G22^2*$C$15,$C$5) -> 17
A24: Шаг 2 (бит=1) | B24: r = r²·a mod p | G24: =MOD(G23^2*$C$15,$C$5) -> 29
A25: Шаг 3 (бит=0) | B25: r = r² mod p | G25: =MOD(G24^2,$C$5) -> 27
A26: Шаг 4 (бит=1) | B26: r = r²·a mod p | G26: =MOD(G25^2*$C$15,$C$5) -> 35
A27: Шаг 5 (бит=0) | B27: r = r² mod p | G27: =MOD(G26^2,$C$5) -> 4
A29: Таблица 12. Шифрование: (a, b) = (gᵏ mod p, (yᵏ·T) mod p)
A30: Символ → | B30: Щ | C30: У | D30: Р | E30: О | F30: В
A31: Код T (позиция в алфавите) | B31: 27 | C31: 21 | D31: 18 | E31: 16 | F31: 3
A32: Первая часть: a = gᵏ mod p | B32: =$C$15 -> 17 | C32: =$C$15 -> 17 | D32: =$C$15 -> 17 | E32: =$C$15 -> 17 | F32: =$C$15 -> 17
A33: Вторая часть: b = (yᵏ · T) mod p | B33: =MOD($C$16*B31,$C$5) -> 16 | C33: =MOD($C$16*C31,$C$5) -> 33 | D33: =MOD($C$16*D31,$C$5) -> 23 | E33: =MOD($C$16*E31,$C$5) -> 4 | F33: =MOD($C$16*F31,$C$5) -> 10
A35: Таблица 13. Расшифрование: T = (b · aᵖ⁻¹⁻ˣ) mod p
A36: Символ → | B36: Щ | C36: У | D36: Р | E36: О | F36: В
A37: Вторая часть шифрограммы, b | B37: =B33 -> 16 | C37: =C33 -> 33 | D37: =D33 -> 23 | E37: =E33 -> 4 | F37: =F33 -> 10
A38: Расшифрованный T = (b · aᵖ⁻¹⁻ˣ) mod p | B38: =MOD(B37*$C$17,$C$5) -> 27 | C38: =MOD(C37*$C$17,$C$5) -> 21 | D38: =MOD(D37*$C$17,$C$5) -> 18 | E38: =MOD(E37*$C$17,$C$5) -> 16 | F38: =MOD(F37*$C$17,$C$5) -> 3
A39: Восстановленный символ (по номеру в алфавите) | B39: =MID("АБВГДЕЁЖЗИЙКЛМНОПРСТУФХЦЧШЩЪЫЬЭЮЯ",B38,1) -> Щ | C39: =MID("АБВГДЕЁЖЗИЙКЛМНОПРСТУФХЦЧШЩЪЫЬЭЮЯ",C38,1) -> У | D39: =MID("АБВГДЕЁЖЗИЙКЛМНОПРСТУФХЦЧШЩЪЫЬЭЮЯ",D38,1) -> Р | E39: =MID("АБВГДЕЁЖЗИЙКЛМНОПРСТУФХЦЧШЩЪЫЬЭЮЯ",E38,1) -> О | F39: =MID("АБВГДЕЁЖЗИЙКЛМНОПРСТУФХЦЧШЩЪЫЬЭЮЯ",F38,1) -> В
A41: Вывод: расшифрованное сообщение совпадает с исходным «ЩУРОВ» — алгоритм Эль-Гамаля отработал корректно.

Sheet Итог
A1: Итоговое сравнение результатов
A3: Таблица 14. Итоговое сравнение шифрограмм фамилии «ЩУРОВ» по трём алгоритмам
A4: Символ / алгоритм | B4: Щ | C4: У | D4: Р | E4: О | F4: В
A5: RSA, C = T⁷ mod 143 | B5: =RSA!C23 -> 14 | C5: =RSA!D23 -> 109 | D5: =RSA!E23 -> 138 | E5: =RSA!F23 -> 3 | F5: =RSA!G23 -> 42
A6: Рюкзак (Win 1251), cᵢ | B6: =Ранец!K23 -> 579 | C6: =Ранец!K24 -> 739 | D6: =Ранец!K25 -> 181 | E6: =Ранец!K26 -> 788 | F6: =Ранец!K27 -> 399
A7: Эль-Гамаль, a | B7: ='Эль-Гамаль'!$C$15 -> 17 | C7: ='Эль-Гамаль'!$C$15 -> 17 | D7: ='Эль-Гамаль'!$C$15 -> 17 | E7: ='Эль-Гамаль'!$C$15 -> 17 | F7: ='Эль-Гамаль'!$C$15 -> 17
A8: Эль-Гамаль, b | B8: ='Эль-Гамаль'!B33 -> 16 | C8: ='Эль-Гамаль'!C33 -> 33 | D8: ='Эль-Гамаль'!D33 -> 23 | E8: ='Эль-Гамаль'!E33 -> 4 | F8: ='Эль-Гамаль'!F33 -> 10
